contact_time,team_id,word1,word2,word3,Notes,Added Time
01-Oct-2023 15:05,1,desirons,dragonne,ecrier,,01-Oct-2023 15:06:26
01-Oct-2023 15:04,2,tache,clignoter,surpiquer,,01-Oct-2023 15:05:22
01-Oct-2023 15:03,3,danois,fruitiere,aimer,,01-Oct-2023 15:04:51
01-Oct-2023 14:58,3,navette,completement,sportif,,01-Oct-2023 14:59:05
01-Oct-2023 14:57,1,herbeuse,repliant,fauconnier,,01-Oct-2023 14:58:29
01-Oct-2023 14:56,2,conteneur,percepteur,jointe,,01-Oct-2023 14:57:30
01-Oct-2023 14:51,1,amener,strate,farceur,premier mot manque,01-Oct-2023 14:52:11
01-Oct-2023 14:48,3,usite,tatouage,lampadaire,,01-Oct-2023 14:49:29
01-Oct-2023 14:48,2,organisme,tapant,pavons,,01-Oct-2023 14:48:48
