team_id,word1,word2,word3,Notes,Added Time
1,amener,strate,farceur,premier mot manque,01-Oct-2023 14:52:11
1,herbeuse,repliant,fauconnier,,01-Oct-2023 14:58:29
1,desirons,dragonne,ecrier,,01-Oct-2023 15:06:26
2,organisme,tapant,pavons,,01-Oct-2023 14:48:48
2,conteneur,percepteur,jointe,,01-Oct-2023 14:57:30
2,tache,clignoter,surpiquer,,01-Oct-2023 15:05:22
3,usite,tatouage,lampadaire,,01-Oct-2023 14:49:29
3,navette,completement,sportif,,01-Oct-2023 14:59:05
3,danois,fruitiere,aimer,,01-Oct-2023 15:04:51
